{"cameraMode":{"drawMode":0,"name":"Shaded","section":"Shading Mode"},"sceneLighting":true,"audioPlay":false,"sceneViewState":{"m_AlwaysRefresh":false,"showFog":true,"showSkybox":true,"showFlares":true,"showImageEffects":true,"showParticleSystems":true,"showVisualEffectGraphs":true,"m_FxEnabled":false},"in2DMode":false,"pivot":{"x":6.621074676513672,"y":6.850371360778809,"z":49.83974838256836},"rotation":{"x":-0.050798170268535617,"y":0.08379220217466355,"z":0.004277118481695652,"w":0.995178759098053},"size":32.908145904541019,"orthographic":false}